{"Walsall": 1413.7349092258755, "Barnsley": 1531.0720859203323, "Burton": 1468.9462048402654, "Fleetwood Town": 1442.850034140424, "Coventry": 1614.6886547734628, "Wycombe": 1545.9971312964394, "Accrington": 1426.8280471562182, "Portsmouth": 1659.3920541824457, "Shrewsbury": 1368.3435360599922, "Southend": 1353.4787305041523, "Sunderland": 1604.5342088419138, "Peterboro": 1478.9852454663187, "Charlton": 1613.3947621150758, "Gillingham": 1437.030307728975, "Blackpool": 1512.2073755538506, "Bradford": 1515.299165131658, "Bristol Rvs": 1394.035932572923, "Doncaster": 1408.06904398045, "Rochdale": 1443.346161833256, "Luton": 1580.7460217418236, "Plymouth": 1561.509399726745, "Scunthorpe": 1412.1497328942237, "AFC Wimbledon": 1427.403827449307, "Oxford": 1543.3846485538575, "Lincoln": 1550.204567686433, "Tranmere": 1438.4634050892664, "Rotherham": 1505.296495627997, "Milton Keynes Dons": 1484.3224118473204, "Ipswich": 1675.7736605361863, "Bolton": 1580.3259136278882, "Swindon": 1415.377004107876, "Northampton": 1466.277060911452, "Crewe": 1365.3863798764642, "Wigan": 1529.2364461140987, "Hull": 1602.2810489792207, "Cambridge": 1404.593995140254, "Cheltenham": 1429.198908476537, "Morecambe": 1433.9816507735559, "Sheffield Weds": 1664.253771550336, "Port Vale": 1383.3475995676267, "Derby": 1633.668924263142, "Exeter": 1452.2625032058054, "Forest Green": 1349.636487791138, "Reading": 1519.2173376176565, "Carlisle": 1373.1161166352183, "Stevenage": 1545.155259155482, "Leyton Orient": 1537.8857269684604, "Birmingham": 1695.5668096776988, "Crawley Town": 1455.6918134528241, "Wrexham": 1630.5843524930492, "Stockport": 1603.1693597877245, "Huddersfield": 1482.8269458152806, "Mansfield": 1462.7819582083348, "Cardiff": 1572.6888633256872}