{"Walsall": 1413.7349092258755, "Fleetwood Town": 1442.850034140424, "Accrington": 1426.8280471562182, "Barnsley": 1504.7731021075274, "Coventry": 1614.6886547734628, "Wycombe": 1588.2496508697163, "Burton": 1459.4491735364304, "Portsmouth": 1659.3920541824457, "Shrewsbury": 1368.3435360599922, "Southend": 1353.4787305041523, "Sunderland": 1604.5342088419138, "Peterboro": 1492.0503329836106, "Blackpool": 1564.1289712110704, "Charlton": 1613.3947621150758, "Bristol Rvs": 1394.035932572923, "Gillingham": 1437.030307728975, "Bradford": 1410.8849988307406, "Doncaster": 1405.6886473440911, "Plymouth": 1662.4108403329044, "Luton": 1622.5821421815683, "Oxford": 1543.3846485538575, "Rochdale": 1443.346161833256, "Scunthorpe": 1412.1497328942237, "AFC Wimbledon": 1384.150036138862, "Tranmere": 1438.4634050892664, "Lincoln": 1522.7473475994868, "Rotherham": 1528.0922240020584, "Milton Keynes Dons": 1484.3224118473204, "Ipswich": 1675.7736605361863, "Bolton": 1543.6918200983905, "Crewe": 1365.3863798764642, "Swindon": 1415.377004107876, "Northampton": 1466.9869327475874, "Hull": 1602.2810489792207, "Wigan": 1520.4805510085969, "Cambridge": 1404.593995140254, "Cheltenham": 1429.198908476537, "Morecambe": 1433.9816507735559, "Sheffield Weds": 1664.253771550336, "Derby": 1633.668924263142, "Port Vale": 1382.1981258539372, "Forest Green": 1349.636487791138, "Exeter": 1479.5197400536426, "Carlisle": 1373.1161166352183, "Reading": 1555.9843112784222, "Stevenage": 1491.4699761281383, "Leyton Orient": 1581.6108895781026, "Wrexham": 1630.5843524930492, "Stockport": 1623.3230908121436, "Crawley Town": 1455.6918134528241, "Birmingham": 1695.5668096776988, "Huddersfield": 1468.8332447672403, "Mansfield": 1461.6053892628488}