{"Scunthorpe": {"conv_rate": 0.1111111111111111, "btts_rate": 0.4}, "AFC Wimbledon": {"conv_rate": 0.1272727272727272, "btts_rate": 0.6}, "Bristol Rvs": {"conv_rate": 0.0483870967741935, "btts_rate": 0.2}, "Burton": {"conv_rate": 0.0598290598290598, "btts_rate": 0.2}, "Luton": {"conv_rate": 0.0738255033557047, "btts_rate": 0.4}, "Peterboro": {"conv_rate": 0.1065573770491803, "btts_rate": 0.4}, "Plymouth": {"conv_rate": 0.0652173913043478, "btts_rate": 0.4}, "Walsall": {"conv_rate": 0.1038961038961039, "btts_rate": 0.5}, "Wycombe": {"conv_rate": 0.0642201834862385, "btts_rate": 0.6}, "Portsmouth": {"conv_rate": 0.0808823529411764, "btts_rate": 0.4}, "Rochdale": {"conv_rate": 0.0927835051546391, "btts_rate": 0.5}, "Shrewsbury": {"conv_rate": 0.0679611650485436, "btts_rate": 0.4}, "Southend": {"conv_rate": 0.081967213114754, "btts_rate": 0.6}, "Gillingham": {"conv_rate": 0.0403225806451612, "btts_rate": 0.2}, "Doncaster": {"conv_rate": 0.1111111111111111, "btts_rate": 0.7}, "Coventry": {"conv_rate": 0.1637931034482758, "btts_rate": 0.7}, "Charlton": {"conv_rate": 0.15, "btts_rate": 0.4}, "Bradford": {"conv_rate": 0.1041666666666666, "btts_rate": 0.6}, "Blackpool": {"conv_rate": 0.1683168316831683, "btts_rate": 0.7}, "Oxford": {"conv_rate": 0.1209677419354838, "btts_rate": 0.6}, "Accrington": {"conv_rate": 0.0416666666666666, "btts_rate": 0.3}, "Fleetwood Town": {"conv_rate": 0.1021897810218978, "btts_rate": 0.6}, "Sunderland": {"conv_rate": 0.0873015873015873, "btts_rate": 0.5}, "Barnsley": {"conv_rate": 0.1489361702127659, "btts_rate": 0.7}, "Milton Keynes Dons": {"conv_rate": 0.1235955056179775, "btts_rate": 0.5}, "Rotherham": {"conv_rate": 0.1044776119402985, "btts_rate": 0.5}, "Tranmere": {"conv_rate": 0.1379310344827586, "btts_rate": 0.6}, "Bolton": {"conv_rate": 0.1098265895953757, "btts_rate": 0.5}, "Ipswich": {"conv_rate": 0.0867052023121387, "btts_rate": 0.4}, "Lincoln": {"conv_rate": 0.1219512195121951, "btts_rate": 0.3}, "Crewe": {"conv_rate": 0.0609756097560975, "btts_rate": 0.4}, "Swindon": {"conv_rate": 0.0857142857142857, "btts_rate": 0.5}, "Northampton": {"conv_rate": 0.0952380952380952, "btts_rate": 0.3}, "Hull": {"conv_rate": 0.1666666666666666, "btts_rate": 0.5}, "Wigan": {"conv_rate": 0.1067961165048543, "btts_rate": 0.8}, "Cambridge": {"conv_rate": 0.1075268817204301, "btts_rate": 0.5}, "Cheltenham": {"conv_rate": 0.088235294117647, "btts_rate": 0.6}, "Morecambe": {"conv_rate": 0.0602409638554216, "btts_rate": 0.3}, "Sheffield Weds": {"conv_rate": 0.136094674556213, "btts_rate": 0.4}, "Exeter": {"conv_rate": 0.0439560439560439, "btts_rate": 0.2}, "Forest Green": {"conv_rate": 0.072463768115942, "btts_rate": 0.5}, "Port Vale": {"conv_rate": 0.0526315789473684, "btts_rate": 0.2}, "Derby": {"conv_rate": 0.1428571428571428, "btts_rate": 0.5}, "Reading": {"conv_rate": 0.1487603305785124, "btts_rate": 0.7}, "Stevenage": {"conv_rate": 0.1264367816091954, "btts_rate": 0.5}, "Carlisle": {"conv_rate": 0.1318681318681318, "btts_rate": 0.6}, "Leyton Orient": {"conv_rate": 0.1313868613138686, "btts_rate": 0.6}, "Wrexham": {"conv_rate": 0.1505376344086021, "btts_rate": 0.4}, "Stockport": {"conv_rate": 0.0921985815602836, "btts_rate": 0.6}, "Huddersfield": {"conv_rate": 0.125, "btts_rate": 0.6}, "Birmingham": {"conv_rate": 0.13, "btts_rate": 0.6}, "Mansfield": {"conv_rate": 0.0957446808510638, "btts_rate": 0.6}, "Crawley Town": {"conv_rate": 0.1071428571428571, "btts_rate": 0.5}}