{"Scunthorpe": {"goals": 0.8, "corners": 3.6, "eff": 0.1111111111111111, "btts": 0.4}, "AFC Wimbledon": {"goals": 1.4, "corners": 4.2, "eff": 0.1272727272727272, "btts": 0.6}, "Bristol Rvs": {"goals": 0.3, "corners": 3.7, "eff": 0.0483870967741935, "btts": 0.2}, "Burton": {"goals": 0.7, "corners": 5.2, "eff": 0.0598290598290598, "btts": 0.2}, "Luton": {"goals": 1.1, "corners": 7.6, "eff": 0.0738255033557047, "btts": 0.4}, "Peterboro": {"goals": 1.3, "corners": 4.1, "eff": 0.1065573770491803, "btts": 0.4}, "Plymouth": {"goals": 0.9, "corners": 6.4, "eff": 0.0652173913043478, "btts": 0.4}, "Walsall": {"goals": 0.8, "corners": 3.7, "eff": 0.1038961038961039, "btts": 0.5}, "Wycombe": {"goals": 0.7, "corners": 3.7, "eff": 0.0642201834862385, "btts": 0.6}, "Portsmouth": {"goals": 1.1, "corners": 5.4, "eff": 0.0808823529411764, "btts": 0.4}, "Rochdale": {"goals": 0.9, "corners": 5.4, "eff": 0.0927835051546391, "btts": 0.5}, "Shrewsbury": {"goals": 0.7, "corners": 5.4, "eff": 0.0679611650485436, "btts": 0.4}, "Southend": {"goals": 1.0, "corners": 4.2, "eff": 0.0819672131147541, "btts": 0.6}, "Gillingham": {"goals": 0.5, "corners": 5.3, "eff": 0.0403225806451612, "btts": 0.2}, "Doncaster": {"goals": 1.4, "corners": 3.6, "eff": 0.1111111111111111, "btts": 0.7}, "Coventry": {"goals": 1.9, "corners": 5.1, "eff": 0.1637931034482758, "btts": 0.7}, "Charlton": {"goals": 2.1, "corners": 6.2, "eff": 0.15, "btts": 0.4}, "Bradford": {"goals": 1.5, "corners": 5.3, "eff": 0.1041666666666666, "btts": 0.6}, "Blackpool": {"goals": 1.7, "corners": 2.8, "eff": 0.1683168316831683, "btts": 0.7}, "Oxford": {"goals": 1.5, "corners": 4.2, "eff": 0.1209677419354838, "btts": 0.6}, "Accrington": {"goals": 0.4, "corners": 3.5, "eff": 0.0416666666666666, "btts": 0.3}, "Fleetwood Town": {"goals": 1.4, "corners": 4.9, "eff": 0.1021897810218978, "btts": 0.6}, "Sunderland": {"goals": 1.1, "corners": 6.4, "eff": 0.0873015873015873, "btts": 0.5}, "Barnsley": {"goals": 2.1, "corners": 5.0, "eff": 0.1489361702127659, "btts": 0.7}, "Milton Keynes Dons": {"goals": 1.1, "corners": 4.0, "eff": 0.1235955056179775, "btts": 0.5}, "Rotherham": {"goals": 0.7, "corners": 3.3, "eff": 0.1044776119402985, "btts": 0.5}, "Tranmere": {"goals": 1.2, "corners": 5.7, "eff": 0.1379310344827586, "btts": 0.6}, "Bolton": {"goals": 1.9, "corners": 6.5, "eff": 0.1098265895953757, "btts": 0.5}, "Ipswich": {"goals": 1.5, "corners": 6.4, "eff": 0.0867052023121387, "btts": 0.4}, "Lincoln": {"goals": 1.0, "corners": 3.0, "eff": 0.1219512195121951, "btts": 0.3}, "Crewe": {"goals": 0.5, "corners": 4.2, "eff": 0.0609756097560975, "btts": 0.4}, "Swindon": {"goals": 0.9, "corners": 4.7, "eff": 0.0857142857142857, "btts": 0.5}, "Northampton": {"goals": 0.8, "corners": 4.9, "eff": 0.0952380952380952, "btts": 0.3}, "Hull": {"goals": 2.2, "corners": 5.1, "eff": 0.1666666666666666, "btts": 0.5}, "Wigan": {"goals": 1.1, "corners": 6.5, "eff": 0.1067961165048543, "btts": 0.8}, "Cambridge": {"goals": 1.0, "corners": 4.6, "eff": 0.1075268817204301, "btts": 0.5}, "Cheltenham": {"goals": 0.9, "corners": 4.0, "eff": 0.088235294117647, "btts": 0.6}, "Morecambe": {"goals": 0.5, "corners": 3.7, "eff": 0.0602409638554216, "btts": 0.3}, "Sheffield Weds": {"goals": 2.3, "corners": 5.6, "eff": 0.136094674556213, "btts": 0.4}, "Exeter": {"goals": 0.4, "corners": 4.5, "eff": 0.0439560439560439, "btts": 0.2}, "Forest Green": {"goals": 0.5, "corners": 2.8, "eff": 0.072463768115942, "btts": 0.5}, "Port Vale": {"goals": 0.6, "corners": 4.8, "eff": 0.0526315789473684, "btts": 0.2}, "Derby": {"goals": 1.8, "corners": 6.5, "eff": 0.1428571428571428, "btts": 0.5}, "Reading": {"goals": 1.8, "corners": 5.4, "eff": 0.1487603305785124, "btts": 0.7}, "Stevenage": {"goals": 1.1, "corners": 4.5, "eff": 0.1264367816091954, "btts": 0.5}, "Carlisle": {"goals": 1.2, "corners": 3.3, "eff": 0.1318681318681318, "btts": 0.6}, "Leyton Orient": {"goals": 1.8, "corners": 5.5, "eff": 0.1313868613138686, "btts": 0.6}, "Wrexham": {"goals": 1.4, "corners": 4.4, "eff": 0.1505376344086021, "btts": 0.4}, "Stockport": {"goals": 1.3, "corners": 5.9, "eff": 0.0921985815602837, "btts": 0.6}, "Huddersfield": {"goals": 1.8, "corners": 8.0, "eff": 0.125, "btts": 0.6}, "Birmingham": {"goals": 1.3, "corners": 4.1, "eff": 0.13, "btts": 0.6}, "Mansfield": {"goals": 0.9, "corners": 4.5, "eff": 0.0957446808510638, "btts": 0.6}, "Crawley Town": {"goals": 1.2, "corners": 3.4, "eff": 0.1071428571428571, "btts": 0.5}}