{"Wycombe": {"goals": 0.8, "corners": 6.0, "eff": 0.0519480519480519, "btts": 0.1}, "Walsall": {"goals": 0.8, "corners": 3.7, "eff": 0.1038961038961039, "btts": 0.5}, "Scunthorpe": {"goals": 0.8, "corners": 3.6, "eff": 0.1111111111111111, "btts": 0.4}, "Peterboro": {"goals": 1.3, "corners": 3.9, "eff": 0.1203703703703703, "btts": 0.7}, "Plymouth": {"goals": 1.4, "corners": 5.5, "eff": 0.1333333333333333, "btts": 0.5}, "Burton": {"goals": 0.8, "corners": 4.3, "eff": 0.0952380952380952, "btts": 0.3}, "Bristol Rvs": {"goals": 0.3, "corners": 3.7, "eff": 0.0483870967741935, "btts": 0.2}, "AFC Wimbledon": {"goals": 0.9, "corners": 5.0, "eff": 0.0849056603773585, "btts": 0.7}, "Luton": {"goals": 2.3, "corners": 7.6, "eff": 0.1292134831460674, "btts": 0.5}, "Portsmouth": {"goals": 1.1, "corners": 5.4, "eff": 0.0808823529411764, "btts": 0.4}, "Southend": {"goals": 1.0, "corners": 4.2, "eff": 0.0819672131147541, "btts": 0.6}, "Shrewsbury": {"goals": 0.7, "corners": 5.4, "eff": 0.0679611650485436, "btts": 0.4}, "Rochdale": {"goals": 0.9, "corners": 5.4, "eff": 0.0927835051546391, "btts": 0.5}, "Gillingham": {"goals": 0.5, "corners": 5.3, "eff": 0.0403225806451612, "btts": 0.2}, "Doncaster": {"goals": 1.0, "corners": 2.7, "eff": 0.099009900990099, "btts": 0.4}, "Coventry": {"goals": 1.9, "corners": 5.1, "eff": 0.1637931034482758, "btts": 0.7}, "Charlton": {"goals": 2.1, "corners": 6.2, "eff": 0.15, "btts": 0.4}, "Bradford": {"goals": 1.2, "corners": 6.6, "eff": 0.1061946902654867, "btts": 0.4}, "Blackpool": {"goals": 1.5, "corners": 4.4, "eff": 0.1219512195121951, "btts": 0.6}, "Accrington": {"goals": 0.4, "corners": 3.5, "eff": 0.0416666666666666, "btts": 0.3}, "Oxford": {"goals": 1.5, "corners": 4.2, "eff": 0.1209677419354838, "btts": 0.6}, "Fleetwood Town": {"goals": 1.4, "corners": 4.9, "eff": 0.1021897810218978, "btts": 0.6}, "Barnsley": {"goals": 1.3, "corners": 4.3, "eff": 0.1160714285714285, "btts": 0.8}, "Sunderland": {"goals": 1.1, "corners": 6.4, "eff": 0.0873015873015873, "btts": 0.5}, "Milton Keynes Dons": {"goals": 1.1, "corners": 4.0, "eff": 0.1235955056179775, "btts": 0.5}, "Tranmere": {"goals": 1.2, "corners": 5.7, "eff": 0.1379310344827586, "btts": 0.6}, "Rotherham": {"goals": 1.6, "corners": 6.5, "eff": 0.1159420289855072, "btts": 0.7}, "Bolton": {"goals": 1.6, "corners": 5.4, "eff": 0.1025641025641025, "btts": 0.6}, "Ipswich": {"goals": 1.5, "corners": 6.4, "eff": 0.0867052023121387, "btts": 0.4}, "Lincoln": {"goals": 2.1, "corners": 5.5, "eff": 0.15, "btts": 0.5}, "Crewe": {"goals": 0.5, "corners": 4.2, "eff": 0.0609756097560975, "btts": 0.4}, "Swindon": {"goals": 0.9, "corners": 4.7, "eff": 0.0857142857142857, "btts": 0.5}, "Northampton": {"goals": 1.2, "corners": 3.9, "eff": 0.1212121212121212, "btts": 0.6}, "Hull": {"goals": 2.2, "corners": 5.1, "eff": 0.1666666666666666, "btts": 0.5}, "Wigan": {"goals": 0.7, "corners": 5.0, "eff": 0.0875, "btts": 0.5}, "Cambridge": {"goals": 1.0, "corners": 4.6, "eff": 0.1075268817204301, "btts": 0.5}, "Cheltenham": {"goals": 0.9, "corners": 4.0, "eff": 0.088235294117647, "btts": 0.6}, "Morecambe": {"goals": 0.5, "corners": 3.7, "eff": 0.0602409638554216, "btts": 0.3}, "Sheffield Weds": {"goals": 2.3, "corners": 5.6, "eff": 0.136094674556213, "btts": 0.4}, "Exeter": {"goals": 0.9, "corners": 3.5, "eff": 0.1111111111111111, "btts": 0.6}, "Forest Green": {"goals": 0.5, "corners": 2.8, "eff": 0.072463768115942, "btts": 0.5}, "Port Vale": {"goals": 1.0, "corners": 4.4, "eff": 0.0892857142857142, "btts": 0.5}, "Derby": {"goals": 1.8, "corners": 6.5, "eff": 0.1428571428571428, "btts": 0.5}, "Reading": {"goals": 1.1, "corners": 4.1, "eff": 0.1018518518518518, "btts": 0.4}, "Stevenage": {"goals": 0.6, "corners": 4.5, "eff": 0.0638297872340425, "btts": 0.3}, "Carlisle": {"goals": 1.2, "corners": 3.3, "eff": 0.1318681318681318, "btts": 0.6}, "Leyton Orient": {"goals": 2.0, "corners": 4.3, "eff": 0.18348623853211, "btts": 0.8}, "Wrexham": {"goals": 1.4, "corners": 4.4, "eff": 0.1505376344086021, "btts": 0.4}, "Stockport": {"goals": 1.2, "corners": 4.7, "eff": 0.1025641025641025, "btts": 0.4}, "Huddersfield": {"goals": 0.8, "corners": 6.8, "eff": 0.0555555555555555, "btts": 0.3}, "Birmingham": {"goals": 1.3, "corners": 4.1, "eff": 0.13, "btts": 0.6}, "Mansfield": {"goals": 1.1, "corners": 3.9, "eff": 0.0753424657534246, "btts": 0.6}, "Crawley Town": {"goals": 1.2, "corners": 3.4, "eff": 0.1071428571428571, "btts": 0.5}}